price_1,price_2,price_3,price_4,price_5,price_6,price_7,price_8,price_9,price_10,offered_1,offered_2,offered_3,offered_4,offered_5,offered_6,offered_7,offered_8,offered_9,offered_10,choice
9.86,9.65,9.09,8.63,7.76,7.56,6.67,6.46,3.55,1.97,0,1,0,1,1,1,1,0,1,1,9
9.86,9.65,9.09,8.63,7.76,7.56,6.67,6.46,3.55,1.97,1,1,1,0,0,0,1,1,0,0,3
9.86,9.65,9.09,8.63,7.76,7.56,6.67,6.46,3.55,1.97,0,1,0,0,0,0,0,0,1,1,0
9.86,9.65,9.09,8.63,7.76,7.56,6.67,6.46,3.55,1.97,0,0,1,0,0,1,0,0,1,0,3
9.86,9.65,9.09,8.63,7.76,7.56,6.67,6.46,3.55,1.97,1,1,1,0,1,0,1,1,1,0,1
9.86,9.65,9.09,8.63,7.76,7.56,6.67,6.46,3.55,1.97,1,0,0,0,1,0,1,0,0,0,0
9.86,9.65,9.09,8.63,7.76,7.56,6.67,6.46,3.55,1.97,1,0,1,0,1,0,0,1,1,1,1
9.86,9.65,9.09,8.63,7.76,7.56,6.67,6.46,3.55,1.97,1,0,1,0,0,0,1,1,0,0,1
9.86,9.65,9.09,8.63,7.76,7.56,6.67,6.46,3.55,1.97,1,0,1,0,1,0,1,0,1,0,7
9.86,9.65,9.09,8.63,7.76,7.56,6.67,6.46,3.55,1.97,1,1,1,0,1,1,1,1,1,1,6
9.86,9.65,9.09,8.63,7.76,7.56,6.67,6.46,3.55,1.97,1,0,0,1,0,1,1,1,0,0,1
9.86,9.65,9.09,8.63,7.76,7.56,6.67,6.46,3.55,1.97,0,1,0,0,1,0,1,0,1,0,0
9.86,9.65,9.09,8.63,7.76,7.56,6.67,6.46,3.55,1.97,1,1,1,1,1,1,1,0,0,0,1
9.86,9.65,9.09,8.63,7.76,7.56,6.67,6.46,3.55,1.97,0,1,1,1,0,0,0,0,0,1,2
9.86,9.65,9.09,8.63,7.76,7.56,6.67,6.46,3.55,1.97,1,1,0,0,1,0,1,1,1,0,0
9.86,9.65,9.09,8.63,7.76,7.56,6.67,6.46,3.55,1.97,1,1,1,0,1,1,1,1,0,1,0
9.86,9.65,9.09,8.63,7.76,7.56,6.67,6.46,3.55,1.97,0,1,0,1,0,1,0,0,0,1,4
9.86,9.65,9.09,8.63,7.76,7.56,6.67,6.46,3.55,1.97,1,1,0,0,1,1,1,0,1,1,5
9.86,9.65,9.09,8.63,7.76,7.56,6.67,6.46,3.55,1.97,1,1,1,0,1,0,1,0,0,1,7
9.86,9.65,9.09,8.63,7.76,7.56,6.67,6.46,3.55,1.97,0,0,1,0,0,0,1,1,1,1,7
9.86,9.65,9.09,8.63,7.76,7.56,6.67,6.46,3.55,1.97,1,1,1,0,1,1,0,1,1,0,3
9.86,9.65,9.09,8.63,7.76,7.56,6.67,6.46,3.55,1.97,0,0,1,1,0,0,0,1,1,0,3
9.86,9.65,9.09,8.63,7.76,7.56,6.67,6.46,3.55,1.97,0,1,0,0,0,1,0,0,0,1,10
9.86,9.65,9.09,8.63,7.76,7.56,6.67,6.46,3.55,1.97,0,1,1,1,1,1,0,0,1,0,4
9.86,9.65,9.09,8.63,7.76,7.56,6.67,6.46,3.55,1.97,0,1,1,0,1,0,1,0,1,1,10
9.86,9.65,9.09,8.63,7.76,7.56,6.67,6.46,3.55,1.97,1,1,0,0,0,1,1,1,1,1,0
9.86,9.65,9.09,8.63,7.76,7.56,6.67,6.46,3.55,1.97,1,1,1,0,1,0,0,1,1,0,2
9.86,9.65,9.09,8.63,7.76,7.56,6.67,6.46,3.55,1.97,1,1,1,1,0,1,0,0,0,1,10
9.86,9.65,9.09,8.63,7.76,7.56,6.67,6.46,3.55,1.97,1,1,1,0,1,0,0,1,1,1,1
9.86,9.65,9.09,8.63,7.76,7.56,6.67,6.46,3.55,1.97,0,1,1,1,0,0,1,0,0,1,10
9.86,9.65,9.09,8.63,7.76,7.56,6.67,6.46,3.55,1.97,1,0,0,1,0,0,1,1,1,0,8
9.86,9.65,9.09,8.63,7.76,7.56,6.67,6.46,3.55,1.97,1,1,0,0,0,0,0,1,1,0,1
9.86,9.65,9.09,8.63,7.76,7.56,6.67,6.46,3.55,1.97,0,1,0,1,1,0,0,1,1,0,4
9.86,9.65,9.09,8.63,7.76,7.56,6.67,6.46,3.55,1.97,0,0,0,0,0,1,1,0,0,0,6
9.86,9.65,9.09,8.63,7.76,7.56,6.67,6.46,3.55,1.97,1,1,1,1,1,0,1,1,1,1,0
9.86,9.65,9.09,8.63,7.76,7.56,6.67,6.46,3.55,1.97,1,1,0,0,0,1,0,0,0,0,1
9.86,9.65,9.09,8.63,7.76,7.56,6.67,6.46,3.55,1.97,1,1,0,0,0,0,0,0,0,0,1
9.86,9.65,9.09,8.63,7.76,7.56,6.67,6.46,3.55,1.97,0,0,0,1,0,0,1,0,0,0,0
9.86,9.65,9.09,8.63,7.76,7.56,6.67,6.46,3.55,1.97,0,1,1,1,1,0,0,0,0,0,3
9.86,9.65,9.09,8.63,7.76,7.56,6.67,6.46,3.55,1.97,0,0,0,1,0,0,0,1,0,0,8
9.86,9.65,9.09,8.63,7.76,7.56,6.67,6.46,3.55,1.97,1,0,0,0,1,1,1,0,0,1,6
9.86,9.65,9.09,8.63,7.76,7.56,6.67,6.46,3.55,1.97,1,0,1,1,0,0,1,0,0,0,7
9.86,9.65,9.09,8.63,7.76,7.56,6.67,6.46,3.55,1.97,1,0,1,0,1,1,1,0,0,0,0
9.86,9.65,9.09,8.63,7.76,7.56,6.67,6.46,3.55,1.97,1,0,1,1,1,0,0,0,1,0,5
9.86,9.65,9.09,8.63,7.76,7.56,6.67,6.46,3.55,1.97,0,1,0,0,0,0,1,0,0,1,7
9.86,9.65,9.09,8.63,7.76,7.56,6.67,6.46,3.55,1.97,0,0,0,1,0,1,0,1,0,1,6
9.86,9.65,9.09,8.63,7.76,7.56,6.67,6.46,3.55,1.97,0,1,0,0,1,0,1,0,0,0,0
9.86,9.65,9.09,8.63,7.76,7.56,6.67,6.46,3.55,1.97,1,0,0,0,1,1,0,1,1,1,0
9.86,9.65,9.09,8.63,7.76,7.56,6.67,6.46,3.55,1.97,0,1,0,0,1,0,0,0,1,1,9
9.86,9.65,9.09,8.63,7.76,7.56,6.67,6.46,3.55,1.97,0,0,1,1,0,0,1,0,0,1,3
9.86,9.65,9.09,8.63,7.76,7.56,6.67,6.46,3.55,1.97,1,0,1,1,1,1,1,0,0,0,3
9.86,9.65,9.09,8.63,7.76,7.56,6.67,6.46,3.55,1.97,0,0,1,1,1,0,0,0,1,0,5
9.86,9.65,9.09,8.63,7.76,7.56,6.67,6.46,3.55,1.97,1,1,1,1,0,1,0,1,0,0,4
9.86,9.65,9.09,8.63,7.76,7.56,6.67,6.46,3.55,1.97,0,0,0,1,0,0,1,1,0,0,4
9.86,9.65,9.09,8.63,7.76,7.56,6.67,6.46,3.55,1.97,1,1,0,1,0,0,1,0,0,0,7
9.86,9.65,9.09,8.63,7.76,7.56,6.67,6.46,3.55,1.97,0,1,0,0,1,0,0,1,1,1,2
9.86,9.65,9.09,8.63,7.76,7.56,6.67,6.46,3.55,1.97,1,1,0,0,0,0,1,0,1,0,2
9.86,9.65,9.09,8.63,7.76,7.56,6.67,6.46,3.55,1.97,1,1,1,1,0,0,0,1,1,1,8
9.86,9.65,9.09,8.63,7.76,7.56,6.67,6.46,3.55,1.97,0,0,0,1,0,0,1,1,1,0,4
9.86,9.65,9.09,8.63,7.76,7.56,6.67,6.46,3.55,1.97,0,1,1,1,1,1,0,0,1,1,5
9.86,9.65,9.09,8.63,7.76,7.56,6.67,6.46,3.55,1.97,0,0,1,1,1,1,0,0,0,1,6
9.86,9.65,9.09,8.63,7.76,7.56,6.67,6.46,3.55,1.97,1,0,1,0,1,0,1,0,0,0,3
9.86,9.65,9.09,8.63,7.76,7.56,6.67,6.46,3.55,1.97,0,1,0,0,0,0,0,0,1,1,0
9.86,9.65,9.09,8.63,7.76,7.56,6.67,6.46,3.55,1.97,0,1,1,1,0,1,1,1,0,0,7
9.86,9.65,9.09,8.63,7.76,7.56,6.67,6.46,3.55,1.97,0,1,0,1,0,0,1,1,0,1,2
9.86,9.65,9.09,8.63,7.76,7.56,6.67,6.46,3.55,1.97,1,0,1,1,1,0,1,0,1,1,0
9.86,9.65,9.09,8.63,7.76,7.56,6.67,6.46,3.55,1.97,1,0,1,1,1,1,1,0,1,0,4
9.86,9.65,9.09,8.63,7.76,7.56,6.67,6.46,3.55,1.97,1,1,0,1,0,1,0,1,0,0,1
9.86,9.65,9.09,8.63,7.76,7.56,6.67,6.46,3.55,1.97,0,1,0,1,0,0,1,0,1,0,9
9.86,9.65,9.09,8.63,7.76,7.56,6.67,6.46,3.55,1.97,1,1,1,0,1,0,1,1,1,0,1
9.86,9.65,9.09,8.63,7.76,7.56,6.67,6.46,3.55,1.97,0,1,1,0,1,1,1,0,0,0,7
9.86,9.65,9.09,8.63,7.76,7.56,6.67,6.46,3.55,1.97,1,0,1,1,0,0,0,0,1,0,0
9.86,9.65,9.09,8.63,7.76,7.56,6.67,6.46,3.55,1.97,0,0,1,0,0,1,0,0,0,1,0
9.86,9.65,9.09,8.63,7.76,7.56,6.67,6.46,3.55,1.97,0,0,1,0,0,0,0,0,0,0,0
9.86,9.65,9.09,8.63,7.76,7.56,6.67,6.46,3.55,1.97,1,1,0,0,1,0,0,0,0,0,0
9.86,9.65,9.09,8.63,7.76,7.56,6.67,6.46,3.55,1.97,1,0,0,1,1,0,0,0,0,1,0
9.86,9.65,9.09,8.63,7.76,7.56,6.67,6.46,3.55,1.97,1,1,1,1,1,0,1,1,1,0,8
9.86,9.65,9.09,8.63,7.76,7.56,6.67,6.46,3.55,1.97,0,0,1,0,1,0,0,1,0,0,3
9.86,9.65,9.09,8.63,7.76,7.56,6.67,6.46,3.55,1.97,1,1,1,1,1,1,1,0,1,1,0
9.86,9.65,9.09,8.63,7.76,7.56,6.67,6.46,3.55,1.97,0,0,0,1,1,0,0,0,1,0,9
9.86,9.65,9.09,8.63,7.76,7.56,6.67,6.46,3.55,1.97,0,1,1,1,1,1,1,1,0,1,6
9.86,9.65,9.09,8.63,7.76,7.56,6.67,6.46,3.55,1.97,0,0,0,1,1,1,1,0,0,1,10
9.86,9.65,9.09,8.63,7.76,7.56,6.67,6.46,3.55,1.97,1,0,1,1,0,1,0,1,0,1,6
9.86,9.65,9.09,8.63,7.76,7.56,6.67,6.46,3.55,1.97,1,0,1,0,0,0,0,0,1,1,3
9.86,9.65,9.09,8.63,7.76,7.56,6.67,6.46,3.55,1.97,0,0,0,0,1,0,0,1,1,1,8
9.86,9.65,9.09,8.63,7.76,7.56,6.67,6.46,3.55,1.97,1,1,1,0,1,0,1,0,0,1,0
9.86,9.65,9.09,8.63,7.76,7.56,6.67,6.46,3.55,1.97,1,0,1,0,1,1,0,0,1,1,1
9.86,9.65,9.09,8.63,7.76,7.56,6.67,6.46,3.55,1.97,0,0,0,1,1,0,1,1,0,1,4
9.86,9.65,9.09,8.63,7.76,7.56,6.67,6.46,3.55,1.97,0,1,1,0,1,1,1,1,0,0,3
9.86,9.65,9.09,8.63,7.76,7.56,6.67,6.46,3.55,1.97,1,1,1,1,1,0,0,0,0,0,2
9.86,9.65,9.09,8.63,7.76,7.56,6.67,6.46,3.55,1.97,1,0,1,1,1,1,0,0,0,0,3
9.86,9.65,9.09,8.63,7.76,7.56,6.67,6.46,3.55,1.97,1,0,1,1,1,0,1,1,0,1,0
9.86,9.65,9.09,8.63,7.76,7.56,6.67,6.46,3.55,1.97,1,0,0,0,0,1,0,1,0,0,8
9.86,9.65,9.09,8.63,7.76,7.56,6.67,6.46,3.55,1.97,1,1,0,0,1,1,1,1,1,0,2
9.86,9.65,9.09,8.63,7.76,7.56,6.67,6.46,3.55,1.97,1,1,0,0,1,1,1,1,1,1,9
9.86,9.65,9.09,8.63,7.76,7.56,6.67,6.46,3.55,1.97,1,0,0,0,0,1,1,1,1,0,0
9.86,9.65,9.09,8.63,7.76,7.56,6.67,6.46,3.55,1.97,0,0,1,0,1,1,1,1,0,0,3
9.86,9.65,9.09,8.63,7.76,7.56,6.67,6.46,3.55,1.97,0,1,1,0,0,1,0,0,0,0,0
9.86,9.65,9.09,8.63,7.76,7.56,6.67,6.46,3.55,1.97,1,0,0,1,1,0,0,1,0,1,8
9.86,9.65,9.09,8.63,7.76,7.56,6.67,6.46,3.55,1.97,0,1,1,0,0,1,1,0,0,1,0
